epoch,train_loss,val_loss,lr,grad_norm,time_sec,best_val,early_cnt,tail_lambda,adj_entropy_mean,adj_max_mean,adj_diag_mean,val_overall_rmse,val_overall_mae,val_overall_r2,val_overall_mape,val_step_1_rmse,val_step_1_mae,val_step_1_r2,val_step_1_mape,val_step_2_rmse,val_step_2_mae,val_step_2_r2,val_step_2_mape,val_step_3_rmse,val_step_3_mae,val_step_3_r2,val_step_3_mape,val_step_4_rmse,val_step_4_mae,val_step_4_r2,val_step_4_mape,val_step_5_rmse,val_step_5_mae,val_step_5_r2,val_step_5_mape,val_step_6_rmse,val_step_6_mae,val_step_6_r2,val_step_6_mape,val_step_7_rmse,val_step_7_mae,val_step_7_r2,val_step_7_mape,val_step_8_rmse,val_step_8_mae,val_step_8_r2,val_step_8_mape,val_step_9_rmse,val_step_9_mae,val_step_9_r2,val_step_9_mape,val_step_10_rmse,val_step_10_mae,val_step_10_r2,val_step_10_mape,val_step_11_rmse,val_step_11_mae,val_step_11_r2,val_step_11_mape,val_step_12_rmse,val_step_12_mae,val_step_12_r2,val_step_12_mape
1,0.25174885065090363,0.16178301363963213,0.00016031252043857236,0.1326211839914322,31.653186559677124,0.16178301363963213,0,0.1,0.6019823551177979,0.8220952153205872,0.6968232989311218,173.95279969357625,86.69909065209197,0.6093416912571823,0.2092351300987967,169.705508793473,80.63263564004328,0.628217561394144,0.1946854973062651,168.53866641835378,81.12398379036594,0.6333028186958952,0.19773750154474995,169.16351734293028,82.20550050832662,0.6305719227081885,0.19980228958967206,173.04142535825864,84.4527127883326,0.613433912531992,0.2036174694981926,171.00560146155462,83.9936091926346,0.6224713356742283,0.20435725670393814,172.4465490273918,85.21240802761764,0.6160771775040612,0.2058134032695367,174.3194975466228,87.3155004885205,0.6076879777627955,0.21001790612352697,177.8167774319786,89.0967102858237,0.5917850026270685,0.2122447778867179,174.62415138078316,89.0175562149762,0.6063065952368221,0.21588449651387345,176.6138369919306,90.66041315901197,0.597280666921444,0.21862707295265993,179.22714352924157,92.59479960749321,0.5852721573460784,0.2225137667619988,180.43080540792062,94.08480851535542,0.5796792336753606,0.2255235805268778
2,0.13251413055127714,0.1063079171690154,0.0003250829701024969,1.121262788772583,27.110551357269287,0.1063079171690154,0,0.2,0.43524524569511414,0.8670370578765869,0.7705281972885132,102.52093904208398,58.89569349268336,0.8643063981137722,0.16480442177677718,99.7662538328681,54.247117695415845,0.8715114815482949,0.15063235152299473,99.35564786129014,54.68015189324735,0.8725635735857291,0.15250939267085153,98.77698092229258,55.152568358972076,0.8740413543535895,0.1553380834430182,100.67933121751066,56.70482387475341,0.8691408098672153,0.1577417615795428,99.72313998259801,56.688344084672345,0.8716129712448528,0.15941256775124898,101.30851013915088,58.11063063863846,0.8674966765423804,0.16292096610231369,102.72949477147925,59.44380057561124,0.8637520455648068,0.16639796029289944,103.32398322539773,60.15355257266475,0.8621693621103784,0.16804052740686692,104.08221156882581,61.088926037320256,0.8601370946249214,0.17143857253202444,105.37743519575312,62.26150576222445,0.8566333044569704,0.1744766597177617,106.49163215222464,63.460389123603534,0.8535846557634275,0.17735968298085733,108.13586953648496,64.75774889381245,0.8490270902534478,0.1813880524972823
3,0.09382583783348886,0.09153153750990412,0.0005501436996005376,0.30584174394607544,27.056105375289917,0.09153153750990412,0,0.3,0.4334908723831177,0.8419629335403442,0.7991715669631958,105.00021784943482,50.157413295349684,0.8576640448728325,0.1304941143163165,101.1422632381155,44.494664602085045,0.8679427264836227,0.11481173328336722,101.5637896780225,45.55917362207272,0.8668361753514745,0.11770573446745206,101.97720289573772,46.533399695624524,0.8657474085317799,0.12045791473070741,102.37968817690545,47.355770036617756,0.8646833650840003,0.1231121163078156,102.97386113626762,48.29415235223164,0.8631063656071852,0.12564804901813847,103.71876124620086,49.32025691545121,0.8611168504985564,0.1284682349921221,104.87958519529171,50.50403746634672,0.8579891233864168,0.13140929615565405,105.8374300876893,51.62551999521629,0.8553820978068751,0.13456598997326363,107.0980547886559,52.858519501714284,0.851914448192124,0.13760404189456385,108.05448466394247,53.896901243946125,0.8492564911109415,0.14080680977142027,109.07745090618755,54.97119924868928,0.8463878433715254,0.143545542217708,110.76428881287862,56.47672493553552,0.8415986062738645,0.14779762952654255
4,0.08427183155606432,0.07052566610239996,0.0007751659096092698,0.15455184876918793,26.978071689605713,0.07052566610239996,0,0.4,0.40739545226097107,0.8435432314872742,0.8082011342048645,69.38546131123589,37.777806770406,0.9378456999752083,0.10458542327937063,63.182351650341054,31.633132475702556,0.9484666275968997,0.0876997870272217,63.800654621175816,32.76307327983012,0.947451692230571,0.0911143023088155,64.76378104715583,33.8884834585132,0.945852192284953,0.09384559648542676,65.70383622178001,34.93549575902067,0.9442679473488996,0.09726374707388845,66.81268939116546,35.95871542028013,0.9423701928792271,0.09949116992788619,68.05671022743068,37.10007051874104,0.9402033549279685,0.1025455175369157,69.37431360963623,38.21289972381508,0.9378648881151319,0.10585404445789713,70.66477673040686,39.28908092195373,0.9355312176082314,0.10880150674695808,72.2718168362147,40.54940267633913,0.932564673061443,0.1121043059794491,73.7743307014595,41.73010991803169,0.9297310306516613,0.11525107388233637,75.36601051928056,42.967553363140176,0.9266657796004679,0.11877164943895481,77.14011991568859,44.307104965783616,0.9231719003375572,0.12228629566712275
5,0.07834758075272165,0.07031020729485991,0.0009398311261718739,0.205336794257164,27.018709182739258,0.07031020729485991,0,0.5,0.39933091402053833,0.8436315655708313,0.811072051525116,73.70150757947737,38.269566896270376,0.929872725105208,0.10472178951573959,66.60242762015338,31.624651047085887,0.942736602720927,0.08703616735939503,67.7949539357465,33.097393706094024,0.9406660576572959,0.09073276878525892,68.93847178272132,34.31786093507441,0.9386464368256915,0.09394353922037971,69.99403832423027,35.41547291623688,0.9367521617797832,0.09689435278878425,71.21059981012719,36.58398475022709,0.934533586912048,0.10020076002533629,72.47670500511336,37.69087560542634,0.9321840584288308,0.10324109537919177,73.80427357052695,38.848225886694514,0.9296761391060961,0.10662153309230166,75.25565697783979,39.99056714121418,0.926882423433487,0.10959420419134906,76.76651300618329,41.134514203699275,0.9239160327171776,0.11247716473808551,78.29091962066703,42.295440510760464,0.9208636863159883,0.11545801452928225,79.91459697497632,43.50959053259521,0.917546735804363,0.11866740216524259,81.5859455448652,44.727703412063974,0.9140610240855518,0.12179842096125164
6,0.07175371183945638,0.0521986390753039,0.0009999999987428416,0.17318999767303467,26.972662925720215,0.0521986390753039,0,0.6,0.22526046633720398,0.9517236948013306,0.9517236948013306,44.332052042819015,25.971755013163065,0.974627112812294,0.07519409966983699,26.386986525802495,17.04508508114244,0.9910117202256739,0.05132593650751571,30.164176276604966,19.04452399092806,0.9882539618923893,0.05644794104042687,33.31828137755145,20.609519044681168,0.9856688292853802,0.06052205340964677,36.490533918744504,22.22238077571785,0.9828096776748085,0.06476851691315359,39.489899410781454,23.8109039778665,0.9798673328355146,0.0690646801563557,42.33732878717601,25.311334414273837,0.9768590160587894,0.07302266991155489,45.01196855284045,26.751387610851925,0.9738425321750607,0.076971083982609,47.833472012469464,28.332799774119398,0.9704602172787625,0.08138467073643449,50.46485712170533,29.824712168772823,0.9671203172644603,0.08559466232213707,53.16230763285839,31.439740962722073,0.9635111080178582,0.09037538633389647,55.73158474635663,32.898538691140104,0.9598987037352508,0.09429149687892134,58.23658584890385,34.37209887181925,0.956212385658622,0.09856547399631421
7,0.06305291063901855,0.04961843849182716,0.000999152863224459,0.21399253606796265,27.02082872390747,0.04961843849182716,0,0.7,0.16872091591358185,0.9692450165748596,0.9692450165748596,42.706017556313626,24.313894071036703,0.9764542586896797,0.06942839319060891,23.692749825571013,15.528780105074034,0.9927535061354007,0.048195221072940775,28.034483496692786,17.639265183129872,0.9898540297733263,0.053190581240237546,31.601936088715988,19.32744915847284,0.9871073002976294,0.0571758028166067,34.90473921306152,20.935265971313402,0.9842713162866172,0.06100619218296521,37.98183346080781,22.447653257249165,0.9813756506601363,0.0643107088976327,40.82501250698575,23.854380439186837,0.9784827102959505,0.06791074943757916,43.65415095380453,25.31887196340835,0.975396846399413,0.07145812798460274,46.35355230577643,26.68489097034049,0.9722598037319123,0.0749097704857263,48.952411127325355,28.036589948777085,0.9690616108695002,0.0784907727960488,51.469036404917,29.364685440134306,0.9657985040337248,0.08199979032638584,54.016108032918396,30.643162348949684,0.9623294288723935,0.08540910190043131,56.52316330124013,31.98758251124804,0.9587510982657916,0.0890884849195008
8,0.061135554036534416,0.04929976339630893,0.0009966184442617668,0.1821281462907791,26.917690992355347,0.04929976339630893,0,0.8,0.16951574385166168,0.9692641496658325,0.9692641496658325,42.038097110161694,24.24940969091272,0.9771850081525176,0.06864048532921559,23.364521090945193,15.279147075885835,0.99295289473661,0.04557322758872189,27.741937032711405,17.46797023022011,0.9900646761330403,0.05105789230390434,31.32220363566072,19.262209564623237,0.9873345360313059,0.055530955464197486,34.62794218331791,20.98796368020546,0.9845197863021434,0.060133169001013634,37.51296411918542,22.40683090945699,0.9818326316350721,0.06360322553739281,40.34454936567899,23.921860773961754,0.9789861972157918,0.06769926945882854,43.04377936893264,25.35026170690366,0.9760800383228599,0.07138662949793993,45.661830867615286,26.6996110532488,0.9730815451181111,0.07491884763427713,48.114505390288116,27.984401186256033,0.9701116752334371,0.07832412192044416,50.566255743696516,29.287545179942484,0.966987788337214,0.08171155478256782,52.95442891771247,30.539819302945865,0.963795695925953,0.08512877906409508,55.33730658460605,31.80714678982372,0.9604637471219813,0.08862297973250322
9,0.05950305694487037,0.049376203306936865,0.0009924053175262837,0.27904897928237915,26.942133903503418,0.04929976339630893,1,0.9,0.18016678094863892,0.9667983055114746,0.9667983055114746,41.754346974775615,24.587017737122107,0.9774919634658956,0.07215450047742573,24.18002771002643,15.954163160794247,0.9924523703845549,0.049955536782720335,28.468277482650873,18.070040515220953,0.9895376114230184,0.054751719010384205,31.80848997396858,19.80412498285566,0.9869382131780285,0.059445629380749425,34.91540360505173,21.425374749784034,0.9842617036966604,0.06353250345803453,37.79560989570825,23.085943825976184,0.9815578319799486,0.06841083839294013,40.36488965030495,24.377640857874884,0.9789650030528583,0.07142707741326745,42.91753662605461,25.770184934260065,0.9762201418805732,0.07522600709090704,45.249664421569626,26.96543956358117,0.9735653106481263,0.07825608700024274,47.54374996691704,28.20594999284373,0.9708165663298839,0.08162407255152562,49.7209864372228,29.318917484468,0.9680822330188583,0.08458733567016725,51.937994257784815,30.52937496947644,0.9651722054178884,0.08811360119929734,54.01824389684777,31.538814142216264,0.9623261161414688,0.09052822630836109
10,0.0585923560554298,0.04875145516739103,0.0009865277389052485,0.10707465559244156,27.112741231918335,0.04875145516739103,0,1.0,0.18820030987262726,0.9650475382804871,0.9650475382804871,41.290079369970826,24.01934899098222,0.9779897155534412,0.06957305785079884,23.530353873568785,15.307125196905025,0.9928525042031937,0.04618887282349147,27.761099686217307,17.413941346326016,0.9900509458067716,0.05154727788474111,31.12245098010541,19.16940608171955,0.9874955651128171,0.05650074821732966,34.2052011085125,20.796601565521932,0.9848954468899066,0.06078240168758941,36.96476548539883,22.243035621511446,0.9823597323881567,0.06457754435764049,39.60956158155076,23.69170794576592,0.979744872321166,0.068568354465361,42.21001592105385,25.147558022587184,0.9769977288734372,0.07280778440978515,44.678762266729436,26.411502002052096,0.9742281406583879,0.07609212679080089,47.02446993756634,27.617568344063166,0.9714505766937699,0.07929265808380603,49.390556255515804,28.862153113902835,0.9685050544312799,0.08264966149855564,51.910041138779704,30.214395058713226,0.965209684089085,0.08650393298172493,54.19585712297812,31.35899525675543,0.9620779636553793,0.08937021945973812
11,0.05765793851872043,0.04784769808937763,0.000979005596264211,0.25810506939888,27.04342484474182,0.04784769808937763,0,1.0,0.19343408942222595,0.9638684988021851,0.9638684988021851,41.77157067663851,23.60786352728683,0.9774733904694858,0.06579727339894924,24.008267687581167,15.09412858990054,0.9925592169689753,0.04452708289095995,28.756804951404398,17.365544536262302,0.9893244630323464,0.049522917729722345,31.96401743726608,18.967301716351805,0.9868101698163111,0.053687688963697626,35.01681725969212,20.55723454795524,0.9841701454771923,0.057844063312175696,37.78547454307743,21.96550440654607,0.9815677216372143,0.06132059350645055,40.32168506194001,23.3472073327443,0.9790100086020064,0.0651513239895078,42.952677417114664,24.680885987460126,0.9761811841396247,0.06816543117258943,45.227637858005394,25.866571718179436,0.9735910400609572,0.07140303671089794,47.502842206788465,27.10833033006509,0.970866764949299,0.0748215179614138,49.6752158754893,28.260047861757062,0.9681409696537062,0.07787284126831856,51.8685735516471,29.43259296005431,0.9652652453715088,0.08103001985758387,54.11894588000366,30.650739141877782,0.9621855202679853,0.08422522002531464
12,0.057836993102256845,0.048735171895969674,0.0009698643421527909,0.1940774917602539,26.980863571166992,0.04784769808937763,1,1.0,0.1994534581899643,0.9625204801559448,0.9625204801559448,43.98488952966354,24.766714172194213,0.9750229449614355,0.07072745993676605,24.689674210506286,15.648806659149061,0.9921308520615488,0.047400011268772205,29.154614087733496,17.840737986273712,0.9890270586078047,0.05266677557030787,32.68554203845753,19.562949032851776,0.9862079802872629,0.05692093692144781,35.92179917600572,21.20606764151506,0.9833413522390877,0.06115984153211441,38.93674284706473,22.78454695927248,0.9804274010817156,0.06528783633357486,42.02076630716728,24.39316726279198,0.9772037794295283,0.06926279722020807,44.829754342477464,25.829150776185084,0.9740538810797058,0.07309278198322146,47.559910954585185,27.219083199375635,0.9707971289148865,0.07695242752466883,50.354435623082075,28.659589676931613,0.9672640470593441,0.08085442272076218,53.10091237572535,30.05446356717322,0.9635953387977427,0.08456278247679393,55.6186359410218,31.316904312892312,0.9600610821697628,0.08836699552763556,58.27432278297793,32.687024202748724,0.9561556190859526,0.09220697780909791
13,0.056327913737878564,0.04618566418112499,0.0009591349076813048,0.14904658496379852,27.305006980895996,0.04618566418112499,0,1.0,0.2035132497549057,0.9616708755493164,0.9616708755493164,40.76476207920074,23.109752767864396,0.978546209092089,0.06517699541698209,24.638666299245063,15.580183812372194,0.9921633331845855,0.046009963818805476,28.44816569728469,17.36435598599602,0.9895523887826659,0.05028292551152691,31.55555764457933,18.93244103243894,0.9871451147268264,0.05430670139070204,34.54351960483434,20.406940239482065,0.9845951755048435,0.05784746948791487,37.07568740518228,21.69574049812187,0.9822537055762509,0.06111835542044644,39.41383379984228,22.924486748514628,0.9799445562322073,0.06446408093937513,41.65108343647882,23.951712981255543,0.9776028740676945,0.06694697335743861,43.94827038715503,25.164841062384276,0.9750639843844721,0.07042511675459354,46.09260639149512,26.243075959020377,0.9725708685440244,0.0734159112543508,48.209743037267245,27.294005122445153,0.9699929943075665,0.07625296917096641,50.33079584371179,28.333164626027365,0.9672943171161735,0.07910549409839004,52.534239291672186,29.427633037267384,0.9643676580324484,0.08195203527245672
14,0.055659157183112165,0.04531688240398034,0.0009468535978596823,0.11201874166727066,27.01924991607666,0.04531688240398034,0,1.0,0.20120741426944733,0.9622058272361755,0.9622058272361755,40.424683582449234,22.565852569335892,0.9789026708694079,0.06348025739082319,23.887406264757672,14.893541121823572,0.9926339445600927,0.04433645009447334,27.981558406026217,16.797079380170246,0.9898923018910871,0.048764136039481196,31.21511444899281,18.333825470044992,0.9874209932696575,0.05246980461187182,34.14122021498343,19.775255219783098,0.9849519002329019,0.055971678717570014,36.76179249710734,21.079514843661357,0.9825529254223262,0.05920549570860269,39.18747849509054,22.36852897335036,0.9801742532665576,0.06249129016380287,41.48554857845793,23.543087016967505,0.9777805471241777,0.06561604753870669,43.69717192741232,24.67447557293762,0.9753481142406182,0.06867681509778761,45.851794595831414,25.771124096138486,0.9728567280021527,0.0717041926417764,47.895997951970884,26.807344296597773,0.9703822897240001,0.07455350079168217,49.972677963571314,27.8548539370113,0.9677580817272667,0.07749153219686121,52.012083782467535,28.89316932305609,0.9650724616093856,0.08048622081411347
15,0.055538962345297746,0.045775548238398994,0.0009330619687528025,0.19825169444084167,26.943522930145264,0.04531688240398034,1,1.0,0.2020217925310135,0.9620500206947327,0.9620500206947327,39.45975933605397,22.587427252865776,0.9798978233962202,0.06420016359882819,24.17732083540953,15.363117804626217,0.9924540601546169,0.04553808228579876,27.93619017310096,17.169543701174394,0.9899250517932066,0.05001309204030737,31.10608820577021,18.742234912609,0.9875087101867556,0.053917325162236365,33.623946639419984,19.973131005586144,0.9854044333735236,0.0570138283851065,36.027602576039286,21.221212962920433,0.9832428566257283,0.06021553904194247,38.21488935570977,22.380421795259643,0.9811461465402032,0.06328843273944292,40.376844737442326,23.493451590596777,0.9789523098417874,0.06630210694867869,42.46899014384779,24.54038074126295,0.9767144042311843,0.06914341752791693,44.432935026752396,25.521096285518617,0.9745106051161722,0.07192731623974578,46.419466737438,26.50651290990199,0.9721802436929501,0.07467307697363904,48.47181529525482,27.56370247209804,0.9696656847825569,0.0776718507498883,50.50861429158331,28.575788197923274,0.9670625192062381,0.08070180709775669
16,0.05812178265939399,0.048560943270992175,0.0009178066868679261,0.15043796598911285,27.04470205307007,0.04531688240398034,2,1.0,0.20003284513950348,0.9623216390609741,0.9623216390609741,41.07981405927908,23.65049573465647,0.9782133148088759,0.06908626871098872,24.01537042804286,15.374727689254458,0.9925548136718194,0.04683071439723949,28.256870865110955,17.430541464616706,0.9896924227321817,0.05188446471153276,31.60326919423863,19.066643135507405,0.987106212535687,0.056056534417190926,34.622999219873634,20.617077246071087,0.9845242054309918,0.060175115118609825,37.26378071052588,21.996925411885517,0.982073186938891,0.06396072396430674,39.7814452747004,23.364015632393812,0.979568698692131,0.06783106538913737,42.14235304721952,24.609283916151767,0.977071415285383,0.07142148185289937,44.44271664848268,25.871196499926505,0.9744997356852177,0.07515942510494394,46.66858488136675,27.09410363785775,0.9718810702682245,0.07866558352249911,48.80137893374356,28.294408323928547,0.9692519757727909,0.08220650785710247,50.866626411793256,29.450635282410015,0.9665942292316589,0.0857250265054426,52.99932137202137,30.638095843100924,0.9637339639238631,0.08912337107867954
17,0.056997889598331804,0.048814076352222215,0.0009011393712500057,0.14994162321090698,27.016651153564453,0.04531688240398034,3,1.0,0.19865208864212036,0.9626485109329224,0.9626485109329224,41.68421343579825,23.826474969871246,0.9775675121277566,0.06792544723735747,24.616416307077582,16.059617130074404,0.9921774806260486,0.04902688801770916,28.41192182511706,17.796791379399544,0.9895789930056428,0.05271504107772757,31.628848124403117,19.290447207563915,0.9870853322427684,0.05628211601942135,34.48610597836011,20.6123541464533,0.9846463406347925,0.05940521677194721,37.31502814372455,22.06065889917377,0.9820238449308766,0.06295348885317667,39.959101938666144,23.414053977976028,0.9793858063049379,0.06651632582818359,42.319608931118196,24.48656647718701,0.9768781287898617,0.06930181674671895,44.8820728281482,25.837050002163792,0.9739930574768529,0.07287045028133975,47.363725677678175,27.123865672736652,0.9710371539064141,0.0763025232166734,49.84957460972824,28.477673674541705,0.9679169283934582,0.07982625022995689,52.25779198620958,29.73059619341597,0.9647419947682573,0.0832254161860885,54.72297588419315,31.029711236974936,0.9613367030410649,0.08668412541028081
18,0.05668234488949543,0.047412376942599345,0.000883116418819178,0.116542287170887,27.042684078216553,0.04531688240398034,4,1.0,0.19418635964393616,0.9637778401374817,0.9637778401374817,41.52147248522952,23.306375970078193,0.9777423292928424,0.06620494511401952,23.937594205140794,15.103554638596076,0.9926029595709821,0.045676651504818234,28.290169202456084,17.162697476673465,0.9896681151987914,0.05043048871135398,31.682730603861867,18.745445546416473,0.9870412922538023,0.0542700023458712,34.81418702485902,20.338900911001687,0.9843528192169518,0.05821200314004387,37.53973133611105,21.69569239098691,0.9818066958874465,0.061582193474333,40.11268159251382,23.03759730116567,0.97922704374215,0.06506254126903119,42.544247768182714,24.286493727967418,0.9766320085707357,0.06838649490463712,44.921647488949375,25.548838621610138,0.9739471741377692,0.07184928918006933,47.19041715072891,26.696660203192856,0.9712487219232525,0.07492915503589632,49.40131255152651,27.8332947763305,0.9684913349726754,0.07806127122683576,51.7092507321122,29.041926730583068,0.9654783046215024,0.08147199075124942,53.962890621149526,30.18709320599282,0.9624032865296047,0.08453164386014882
19,0.05580992311148382,0.04620551897827627,0.000863798813541438,0.15525251626968384,27.027508974075317,0.04531688240398034,5,1.0,0.19880396127700806,0.9627508521080017,0.9627508521080017,39.98434267181272,22.707950498008213,0.9793597885914578,0.06576593955059233,23.824765953912145,15.178830595982799,0.9926725261468483,0.04608851183097657,27.638189938555552,17.06844120009699,0.9901388478536689,0.05091590632671685,30.674043327154614,18.510494125938486,0.9878532934475006,0.05465745247152569,33.43797192596807,19.85176148288821,0.9855654435983225,0.05796632932231463,35.96301032143177,21.149814991387004,0.98330288900743,0.06154544081992903,38.361906876027355,22.35792257664664,0.981000801170701,0.06472170790261751,40.681722671670485,23.49784309478458,0.9786332555409346,0.06775596176012177,42.93801272285507,24.635826958707746,0.976197237335239,0.07080269157937229,45.26706425325972,25.814143752945512,0.9735446091780894,0.07401412264501431,47.45109557430526,26.89027130308909,0.9709299676195583,0.07683891970772246,49.96103510665765,28.18596466496052,0.9677731037083404,0.08038190150932101,52.29018643203455,29.35566369127922,0.9646979559718997,0.08350649729541924
20,0.055354082647983624,0.04901194530241008,0.0008432519200782016,0.23470298945903778,27.057552814483643,0.04531688240398034,6,1.0,0.2018897533416748,0.9620303511619568,0.9620303511619568,41.53391407767777,24.154202918234173,0.9777289886119938,0.07020191595658166,25.092884809132276,16.228141168765294,0.9918717289512042,0.04987171767377058,28.99782230398185,18.15071802863571,0.989144764900461,0.054419846520908206,32.12292638200311,19.713982341401366,0.9866786974767271,0.058549091191005945,35.059865046650415,21.231386456597402,0.984131200814521,0.062356294267840784,37.72235859257505,22.62072978475886,0.981629247879747,0.06590550228636191,40.20549719213869,23.945300109823304,0.9791308006115645,0.06945751121974256,42.56105864096553,25.133512889663997,0.9766135377332378,0.07251043816339378,44.87633094946301,26.344050541016642,0.9739997113209171,0.07583601234839488,46.94858009251493,27.402476973018295,0.9715426505878417,0.07893707411777375,49.197804376786834,28.592341402631536,0.9687503994767234,0.08185883698303383,51.24502691849781,29.662625706695955,0.9660953646815218,0.08485534350723319,53.422923042186994,30.82680183213221,0.9631519283232682,0.0878696137664581
21,0.0549944308881716,0.04556591688595676,0.0008215452626129828,0.15764176845550537,27.11237645149231,0.04531688240398034,7,1.0,0.20362253487110138,0.9616023302078247,0.9616023302078247,40.39990552459989,22.61093577678354,0.978928525895937,0.06368750233376713,24.04280936068212,15.204535406027672,0.9925377908511975,0.04654590746824722,28.10271921035989,17.0970139205963,0.9898045792409447,0.050914525368454436,31.345698135309576,18.5947694812675,0.9873155284069365,0.05417154536377298,34.25134821275258,19.97173209535525,0.9848546635262293,0.05734695966851364,36.862309269200715,21.235040781291904,0.9824573848581049,0.05991831517994586,39.22363314358719,22.385954590888858,0.980137653638768,0.06269120806312696,41.52467279879196,23.53146948215619,0.9777386178876751,0.06523642083452481,43.68597895225623,24.628911291797863,0.9753607417216834,0.06801223137092584,45.72148934764155,25.63415711312398,0.9730107845702498,0.07066919253138891,47.75858353975991,26.668785483523653,0.970551993336692,0.07341712994473289,49.757468332149315,27.66643983699654,0.9680351863596904,0.07621793010794818,51.81998130709641,28.713920153200448,0.9653299892947894,0.07911225299228315
22,0.05422516354336971,0.04715451047631907,0.0007987522896035633,0.1395813524723053,27.01688051223755,0.04531688240398034,8,1.0,0.20393583178520203,0.9615265130996704,0.9615265130996704,41.1156134701591,23.46315833382939,0.9781753258179063,0.06705206701077931,26.27656520485536,16.57245145487309,0.9910867891296437,0.049143204004801606,29.673035633244307,18.15764572693947,0.9886333517265046,0.05302708666055749,32.46174957410484,19.482482081647507,0.986396197054728,0.056183372024125024,35.23449317745246,20.873321525805686,0.9839727267269958,0.059715887777131306,37.50784317644036,22.00961246183462,0.9818375913979333,0.06250322997887592,39.77379508738874,23.159639813836286,0.9795765560362755,0.06557556736005751,41.840834035573394,24.16655337680725,0.9773983392362872,0.06836268044858894,44.1112967944073,25.369971181869143,0.9748786406156066,0.0719741555639264,46.22543952832487,26.46445247726918,0.9724125460749771,0.07524389279343317,48.12507951092589,27.33249649778508,0.9700982953529043,0.07773539959537108,50.3006329737413,28.438442147942272,0.967333505912749,0.08090101062763916,52.45714443423932,29.532285496947065,0.9644721633865043,0.08426328264928702
23,0.053840277807378184,0.046560787949068795,0.0007749501252556617,0.15656276047229767,26.944050788879395,0.04531688240398034,9,1.0,0.207777202129364,0.9604263305664062,0.9604263305664062,39.32309599226017,22.72593119065044,0.9800368244136733,0.06742599468135133,24.275102649389332,15.651670419526564,0.9923928997168094,0.048948165854561555,27.968289720483636,17.435831112264488,0.9899018856367352,0.0531457864939026,30.935679302076856,18.871325505804336,0.9876451977030064,0.05671653592823096,33.55782078071357,20.144118602670744,0.9854617850786003,0.05965323156882452,35.94396513806936,21.39620393682018,0.9833205691368192,0.06318281572040539,38.171860138382414,22.557843539910955,0.9811885807765188,0.06641070219837784,40.2694213117374,23.613383631186853,0.9790641564834073,0.06931641000156133,42.29657561950198,24.65240922537596,0.9769030889804353,0.07246946117736756,44.2608731814402,25.64896132585643,0.9747076328675811,0.07548612687647328,46.21665391710988,26.573009273989214,0.9724228090589574,0.07803788095302558,48.202708668130114,27.585662848407793,0.9700015709055203,0.08135170011400071,50.22994724499971,28.582194096044255,0.9674249631370316,0.08439711122144247
24,0.0538779082867067,0.04531889910731703,0.0007502193085590336,0.11393041908740997,26.93205761909485,0.04531688240398034,10,1.0,0.21141088008880615,0.9594200849533081,0.9594200849533081,40.04942504836436,22.58504592183834,0.9792925419056328,0.06369052948398267,25.428859329014657,16.110813736055484,0.9916526091281551,0.048442674481547016,28.920071321361934,17.71071424689745,0.9892028984860758,0.05183812801186893,31.62922756049319,18.92092475839174,0.9870850223787851,0.054506451814940064,34.28643291238554,20.17276968325318,0.9848236199756661,0.057492518360432364,36.89355797257453,21.47938774593542,0.9824276300033756,0.060588026809375625,38.905234806707576,22.406013415619956,0.9804588105234294,0.06279351780859237,41.0044854959612,23.40411151654829,0.978292869352268,0.06532746928807101,43.044340979571885,24.3600874800786,0.976079204861666,0.06763998235044302,45.01066282468795,25.295887814916046,0.973843457333222,0.07022435896089929,46.89251009923995,26.182761210875444,0.9716103532552351,0.07279437553009269,48.764922519013076,27.016642567829596,0.9692977146845226,0.07494119100987501,50.76328354245494,27.961764292292212,0.9667295340060831,0.07770094851181493
25,0.053541643145244296,0.044851003031205074,0.0007246435207690251,0.11208950728178024,26.991363286972046,0.044851003031205074,0,1.0,0.20169314742088318,0.9619073867797852,0.9619073867797852,39.13033257623014,22.053450094925992,0.9802320652959704,0.06437521896262391,24.59463091402729,15.60199616599283,0.9921913202725817,0.04962190920864236,28.221752732536643,17.256399390924933,0.989718027685216,0.05298595991922478,31.21442950079976,18.669414900678877,0.9874215453018094,0.05661306737520545,33.8011273785454,19.83660425277494,0.9852502059778154,0.058809630819605115,36.06071809477597,20.854035866028557,0.9832120371157141,0.06065628470838782,38.26380925640666,21.967864628696827,0.9810978450010214,0.06360430629203795,40.1729463247269,22.86240364372463,0.9791643499169052,0.06581923449471502,42.12816691694625,23.809101276714173,0.9770866488584904,0.06827533581465088,43.91662879256015,24.634846369733697,0.9750995318931667,0.07031796583870559,45.7435816123343,25.580852206570682,0.9729844782805587,0.07329068757724748,47.451752664626135,26.35499645584202,0.9709289885413328,0.07518791291362042,49.297300950115805,27.214175472003447,0.968623409046918,0.07732344555412468
26,0.05357659128380985,0.04620028292677673,0.0006983093022556927,0.18947769701480865,26.88844394683838,0.044851003031205074,1,1.0,0.2042149156332016,0.9613233804702759,0.9613233804702759,40.735984732636766,23.172594221258738,0.9785764884425786,0.06767485327300388,23.760563745724642,15.377673458137355,0.9927119646151609,0.04723747640044154,27.83549662248166,17.3129571256134,0.9899975494383516,0.05215686536867891,31.099951157967574,18.827898429300532,0.9875136386161965,0.05567227740066843,34.08532014691633,20.26646565362777,0.9850011369706607,0.05943032482624017,36.75720440500401,21.617682003975776,0.9825572801495783,0.06299163058264817,39.28861668442826,22.90929467186541,0.9800717854519766,0.06645243817293643,41.703192885212616,24.110985424791213,0.9775467971608447,0.06972719168334582,44.037481454668594,25.301894681446218,0.9749626458612112,0.07318757850327336,46.26728819197715,26.407505761681477,0.9723625726973163,0.07644154475739494,48.48847603141414,27.47781172422605,0.9696450098211916,0.07936067385999244,50.73670403886612,28.638644094027715,0.9667646598085856,0.08280458921640522,52.969359063375464,29.823929029054064,0.9637749571663533,0.08664004093563499
27,0.05473377125837454,0.043895709855949934,0.0006713057596785854,0.12408217042684555,26.943650245666504,0.043895709855949934,0,1.0,0.2076040655374527,0.9603484869003296,0.9603484869003296,38.16057915482598,21.725754460229506,0.9811997279284785,0.061647741534618966,24.00629548899365,15.294602813413007,0.9925604393894545,0.04670002680344852,27.601278558897164,16.98821828146677,0.9901651698142804,0.050230697758770856,30.54359047496828,18.409137400816675,0.9879563905842996,0.053778507343863094,32.90314755770848,19.51400205506484,0.9860234985336847,0.05613788833053519,35.10651056961515,20.59963331146641,0.9840887394244171,0.05851853628354771,37.14666378925571,21.615204892927114,0.982185462801962,0.06087692091896125,39.08776020857785,22.56050672235467,0.9802748071935943,0.06326897774926893,40.936027305152095,23.45231381703244,0.9783651009583741,0.06549445509297588,42.75417501103337,24.28932992821007,0.9764002944924924,0.06786837722971764,44.56714811581298,25.13048368221301,0.9743561802446247,0.07000356138518635,46.39620293800262,25.97526968118817,0.9722079549559861,0.07231906394420572,48.3588937665543,26.881627190031352,0.9698065884286049,0.07457898336644238
28,0.05340824775034335,0.04411811424703727,0.0006437242644780142,0.15016913414001465,26.987115621566772,0.043895709855949934,1,1.0,0.2075881063938141,0.9602946043014526,0.9602946043014526,38.985204935775535,22.037520570476786,0.9803784250866153,0.06204230501848549,24.61821075659341,15.607375627803489,0.9921763401165969,0.04694979497206322,28.25977743663256,17.284532281067236,0.9896903020974129,0.05066795196846409,31.13316070835944,18.6056176498935,0.9874869576839524,0.05362212472009783,33.90476211288016,19.97158067263975,0.98515962116929,0.05643627661353319,36.09470011342955,21.01574235793872,0.983180381746674,0.05902333544932767,38.3129252349329,22.1396529377532,0.9810492876979444,0.06148303705608717,40.17208487446335,23.000329216938397,0.9791652434876016,0.06381616171910874,42.02491717552188,23.890210383899515,0.9771988255159667,0.06610844854855101,43.67760443777454,24.59630441160495,0.9753698450547925,0.06826330561534732,45.27623830426882,25.306923048120108,0.9735336713242374,0.07057509064509598,47.08885887460691,26.120419516808226,0.9713719373825711,0.0726210923277079,48.879929471661264,26.912809244539822,0.96915245453637,0.07494416185401527
29,0.052687892649413606,0.044501083210257475,0.0006156581437030212,0.22537575662136078,26.999064683914185,0.043895709855949934,2,1.0,0.20678548514842987,0.9605940580368042,0.9605940580368042,39.81601882145922,22.110368324154663,0.9795332028228482,0.06208767986775904,25.103097933732972,15.784345778268825,0.9918651109844194,0.04634984812379115,28.55365626974249,17.333254005488712,0.9894747621313619,0.05015267126593337,31.416025066065316,18.6148848425227,0.9872585470208176,0.053293009355584946,34.0716412887465,19.837940665675205,0.9850131730114617,0.05628459677805296,36.44435906631022,20.933539442803987,0.9828529311169182,0.05896545746743135,38.637758427956086,21.9584386506747,0.9807265811348546,0.06160771723252633,40.76624894995118,22.93109642116833,0.9785443739731342,0.06397457484914577,42.73064503038596,23.809175848480688,0.9764265914537134,0.06633335225809749,44.70582583728515,24.687127277756,0.9741965506122392,0.06861578851420858,46.760519163448336,25.61757124669261,0.9717699481389864,0.07079611687143646,48.6665505935602,26.457834236199403,0.9694214592306631,0.07315886695402121,50.677708955816,27.36050362702347,0.9668416113348419,0.07552341319892185
30,0.05271308078180726,0.04464465932085596,0.0005872023642221882,0.24735084176063538,26.88147759437561,0.043895709855949934,3,1.0,0.21221667528152466,0.9590997695922852,0.9590997695922852,38.7346709378872,21.863722129156297,0.9806298063975675,0.06344161903025537,24.088178638549653,15.368834577598228,0.9925096015938216,0.04739190777417659,27.783091871506386,17.099848545882935,0.9900351763947257,0.05143174939795516,30.67030206295352,18.422842557189163,0.9878562562956998,0.054616784810400165,33.2535143232845,19.62262851873759,0.9857242582404016,0.05728876144435543,35.54514663506653,20.703475844884487,0.9836886510341899,0.06014103784281931,37.6812004479328,21.76007252615113,0.9816690752573278,0.0629681842991905,39.66317080227095,22.65148761017902,0.9796897837952069,0.06497854703179338,41.59381007580925,23.59549030673311,0.977664231768634,0.06782972563089437,43.47876128904145,24.45120288146127,0.9755935931086612,0.06993257782626816,45.36327232441674,25.322669456088274,0.973431821654823,0.07235126813508544,47.29366546120819,26.231955652814115,0.9711223680977813,0.07506542434241424,49.34204666246174,27.135455518925752,0.9685664239764848,0.07730679470680872
31,0.05235467678526553,0.04383819720941811,0.0005584532113858136,0.24015618860721588,26.89770770072937,0.04383819720941811,0,1.0,0.21539539098739624,0.9583700895309448,0.9583700895309448,38.91642127858349,21.746746226840937,0.9804476027688052,0.06161119703645769,24.35349969742132,15.412140029349203,0.9923436857367426,0.047778200387951025,27.978081540189844,17.037169283874448,0.9898948136115828,0.0511224849332124,30.841501593641297,18.31174363195589,0.987720306826036,0.053649677992034295,33.482895752691945,19.55728177067888,0.9855266319675697,0.056393943832264856,35.756292391867504,20.610049016141474,0.9834942896819073,0.058689667257767066,37.8975108715511,21.640636000059313,0.9814580123847481,0.061034443503983724,39.93868861288144,22.60371171919726,0.9794066363956312,0.06311286862838475,41.80893434486728,23.461285711442102,0.9774325919400147,0.06535759075067424,43.67974124891913,24.313729741639417,0.9753674350656162,0.0673907617305109,45.5114478276799,25.138014965415856,0.9732579725235825,0.06952898801067857,47.42969582628955,25.99829974203865,0.9709560082207848,0.07147649721591139,49.389122393658546,26.87816550336047,0.9685064157453035,0.07380214711841014
32,0.052089896693644,0.04574791659495513,0.000529507963226766,0.16669315099716187,26.797531127929688,0.04383819720941811,1,1.0,0.2186037302017212,0.9575387835502625,0.9575387835502625,40.57428141589534,22.93762795688096,0.9787462340443734,0.06552285656302183,24.767659307289,15.78333250508923,0.9920810623850317,0.04965432045730862,28.664189128774314,17.593283152730027,0.9893931167975886,0.05327610251993271,31.857072753587197,19.09917305434316,0.9868982827994897,0.05666222942983592,34.6555374145386,20.411969778111622,0.984495103906328,0.0594143005794479,37.16515146122336,21.600691784277444,0.9821679582250634,0.06192358217182669,39.56525492634837,22.818994280895904,0.9797901611349092,0.06493836715859337,41.78198335692025,23.912373001393515,0.9774618746638976,0.06751031460819647,43.82213437982316,24.89333218857827,0.9752069167780828,0.06983236769824394,45.852360783697726,25.898245087178324,0.9728560576560397,0.07231562137825102,47.74179891249983,26.810769780311617,0.9705726885467739,0.07449011409071914,49.59916856831803,27.72632074182444,0.9682382502844821,0.07675620302247597,51.47795440646734,28.70449135943085,0.9657861431812774,0.07950409477369608
33,0.052242785678585854,0.044752395487037196,0.0005004645613024131,0.18903464078903198,27.024940013885498,0.04383819720941811,2,1.0,0.2180744707584381,0.9576849937438965,0.9576849937438965,39.03936894743228,22.118642627362753,0.9803238648244911,0.06426813503868867,24.63758694777599,15.700356783585622,0.9921640197747171,0.04905328472769506,28.388581792217558,17.477300990827814,0.9895961074228787,0.05327986057652423,31.151800281340574,18.694467713200634,0.9874719699615083,0.05574701246208162,33.691844124661884,19.902444783258982,0.9853454276383983,0.05849598580839992,35.93496883954528,20.965535807261446,0.9833289173733326,0.06094731504118014,38.002596241291144,21.959298120968256,0.9813550402871513,0.0634299508937193,40.01889111104918,22.949233401786913,0.9793238446152318,0.06596952613783465,41.85037966922865,23.76497357302111,0.9773878274823076,0.06798191591251494,43.701987269746176,24.63289573038812,0.9753423380261803,0.07024435618610811,45.550945439274265,25.50783307548747,0.9732115356553919,0.07264111479844036,47.45643942330264,26.44178389593928,0.9709232456325418,0.07527865395104395,49.449211565835924,27.428869842156722,0.9684297359210233,0.07815181221737355
34,0.05225632394232401,0.04447756467267797,0.0004714212792913951,0.18306933343410492,27.08908438682556,0.04383819720941811,3,1.0,0.21506711840629578,0.9584780931472778,0.9584780931472778,38.38946713256947,22.064481158327034,0.9809735226892952,0.06351272423663752,24.40370004512848,15.589386644371716,0.9923120889825443,0.04757749580424733,28.035857271389332,17.339449945473103,0.989853035382352,0.051450447701297745,30.888068741053118,18.705553162701428,0.9876831969609603,0.05446053896474824,33.31849464618165,19.901449149849952,0.9856684115922625,0.05756579598579022,35.5017891125945,20.99171907052956,0.9837284195211655,0.06044390322897177,37.51642622850913,21.991485561233503,0.9818290414878662,0.06301065862605185,39.425239994989354,22.939456902531862,0.9799327261368873,0.065503516172931,41.24438008925473,23.80335068819886,0.9780379413727117,0.06763155910530487,42.98763733637266,24.654568043024476,0.9761418549353155,0.07004630056922896,44.670877781305244,25.455602711785783,0.974236669773321,0.07242283191796205,46.393460659390186,26.293412955935345,0.9722112401937241,0.07491875732699219,48.17029793764053,27.10961102992944,0.9700416329998127,0.07712419642214981
35,0.05171642305738315,0.045066264251549845,0.0004424763904666031,0.1858900636434555,27.029457569122314,0.04383819720941811,4,1.0,0.21827106177806854,0.957670271396637,0.957670271396637,39.6140153189405,22.285480090120863,0.9797403494511066,0.06484160762937115,24.570470186762456,15.599377703364574,0.9922066545717124,0.048835805668930546,28.378344760183325,17.368765552384097,0.9896036094375491,0.05261592435906142,31.368355113362863,18.736980418243704,0.9872971848589277,0.05554614856199162,34.056199312711115,20.03146240026617,0.9850267546160375,0.05870090622730875,36.390459350801876,21.11977086548702,0.9829036132369996,0.06138526567207463,38.56969234969387,22.180867218586247,0.9807944272298648,0.06417653546509719,40.652025430159426,23.161456693045054,0.9786644391648037,0.06669435151431002,42.64112565678428,24.089973081433225,0.9765252591093546,0.06911110082266086,44.528014496106195,24.981672184500493,0.9744014018366033,0.07171633563696814,46.4003148422222,25.825760873971358,0.9722031948891943,0.07391217576793638,48.29495325900796,26.70753075848003,0.9698866462194597,0.0765342393464832,50.276699368425106,27.623471872425128,0.96736429570732,0.07887388138833502
36,0.05206284920525987,0.04496222849146192,0.00041372783516953126,0.1450701504945755,26.753522157669067,0.04383819720941811,5,1.0,0.20886880159378052,0.9600998759269714,0.9600998759269714,40.21040264022148,22.39609779378329,0.9791257412055805,0.06413024269453302,24.579540779466843,15.440554269112077,0.9922008994266229,0.04729624417570356,28.41798728540574,17.240612692365154,0.989574543116514,0.05153224028744623,31.536038856488094,18.714685550158816,0.9871610126667886,0.05477554063698234,34.259956495997415,20.014805872600988,0.9848470497103405,0.057982362668348685,36.73203056464045,21.211675473473125,0.9825811638964099,0.06084342302728651,39.07197434422053,22.35299801277683,0.9802909528519572,0.06362034157230935,41.169865548558015,23.305483101095376,0.9781174170404695,0.0661463900516821,43.32269329688,24.302285982379555,0.9757688301467813,0.06864714243633765,45.370297750715,25.24642703168276,0.9734238062613512,0.0711210412346478,47.30639443739965,26.07301731530274,0.9711069942157934,0.07339821966379467,49.30382888929418,26.937621948167894,0.9686153766352885,0.0758570047284236,51.457207565262486,27.914387650619936,0.9658137156216947,0.0783464198303561
37,0.051618236712202795,0.04429470029260431,0.00038527288941116487,0.1549312323331833,27.016181468963623,0.04383819720941811,6,1.0,0.2133946567773819,0.9589946269989014,0.9589946269989014,38.52656894886081,21.92243154989339,0.9808373800008514,0.06279882070964146,24.498225249654624,15.519472522481903,0.9922524169851681,0.0477162163970977,28.083721953014322,17.227410826282537,0.9898183586596222,0.051595831440187825,30.829674777111958,18.492638320818973,0.9877297228288263,0.05430220636877038,33.314695515935455,19.69322162526754,0.9856716797151108,0.05701521300443222,35.53417734871808,20.80259854782986,0.983698716895011,0.05970312423392447,37.53700401295163,21.801915757032948,0.9818091024557073,0.062125131884947324,39.46740902208851,22.74133791041927,0.9798897754803906,0.0645319391296285,41.30759645725974,23.617278242288034,0.9779705661052523,0.06666495065199626,43.094048029379266,24.46765107883144,0.9760235928438679,0.06883857466711849,44.90639437406769,25.346593406447283,0.9739642915579315,0.07128536069875938,46.75815492438042,26.23004248798883,0.9717726338067104,0.07366324321536576,48.65033253780771,27.13029898776505,0.9694415657565953,0.07614720498735095
38,0.051270614364525166,0.04407532529657698,0.0003572078357207492,0.2299872487783432,27.061185836791992,0.04383819720941811,7,1.0,0.21628409624099731,0.9582324028015137,0.9582324028015137,38.88946411667048,21.837416932706397,0.980474681033924,0.06219672644462571,24.239039156075126,15.207452069269552,0.9924154853950806,0.04600939010623186,27.952052481224055,16.948905680173176,0.9899136073333288,0.05001831795403506,30.902372999753183,18.334220178913164,0.9876717865012388,0.053289721000016006,33.50376199905565,19.593316488748744,0.9855085869950742,0.05636536451560219,35.78585399302954,20.69580092479325,0.9834669861281281,0.058971975365817705,37.9292266148904,21.778722947912744,0.9814269644884358,0.06162300555292652,39.90371062132393,22.721897882777,0.9794426916142873,0.06403589267102207,41.82200226388634,23.654150481538537,0.9774184822692266,0.06655963755514951,43.64654099679355,24.49797074396327,0.9754048664487696,0.06888738850220265,45.510673846364845,25.355269200511003,0.9732588820817084,0.07110499643127992,47.31774578140016,26.192214043911857,0.971092953602273,0.07358677610724992,49.2618887286543,27.070395425282616,0.9686684709747336,0.07591157730295123
39,0.05126164735453885,0.045009570746806456,0.0003296276373561894,0.15977321565151215,27.081668615341187,0.04383819720941811,8,1.0,0.21480333805084229,0.9586104154586792,0.9586104154586792,39.77603930729346,22.282341531039815,0.9795742838663876,0.06350382010601832,24.929017845585435,15.764353045966022,0.9919775442845674,0.048342009590462955,28.619931967904268,17.464408115026973,0.9894258453102689,0.05205203744925902,31.54737865629432,18.805671738167625,0.9871517776628108,0.05505032318429388,34.22913074417997,20.057758435118718,0.9848743054919092,0.057935154385452235,36.578359869147555,21.120985498243556,0.9827266045602315,0.06022299523430872,38.757107743209836,22.140871849087407,0.9806073287701778,0.06259488818190395,40.82916889396741,23.131731511409235,0.9784780922508847,0.06525637980776805,42.79281297490332,24.03265360680851,0.9763579486132358,0.06737988694846786,44.68075868241617,24.90142054974073,0.9742254791784738,0.06964810437123095,46.56203441017433,25.781921450938448,0.9720090961608822,0.0720464108847167,48.42379374287731,26.65682938097899,0.9697257600784169,0.07452855023744458,50.30701351781609,27.53079678324752,0.967324928689105,0.07699227898615263
40,0.05092061038878633,0.0452511257083692,0.000302625616978445,0.22161152958869934,27.16568112373352,0.04383819720941811,9,1.0,0.21883581578731537,0.9575510025024414,0.9575510025024414,38.922015555736095,22.352429604928652,0.9804419810087681,0.06629464795678237,25.128232163469807,16.24069824206159,0.9918488128742172,0.05278890962971408,28.54959370560465,17.799358032718878,0.9894777569430689,0.05576013613008361,31.24934016701895,19.009127381149238,0.9873933937192975,0.0581027567964549,33.7320001774927,20.205877393269393,0.9853104743442193,0.060950068615444386,36.02561284883461,21.36419518483213,0.9832447074967801,0.06383896425885847,38.08896688627259,22.386606180711713,0.9812701930739041,0.06628066594033893,39.89911203676698,23.210068050675098,0.9794474294731095,0.06825572090295895,41.71493887420324,24.014649046948094,0.9775339506414658,0.06995871986760188,43.431373089453636,24.734298992364554,0.9756467659848667,0.0714533428196349,45.25770761338922,25.62579333992474,0.9735553312063341,0.07404501665241317,47.02761023773674,26.400684754249685,0.9714463621831464,0.07601435257941618,48.903687704386805,27.23901899967393,0.9691224601692724,0.07808996984598969
41,0.050862924386633604,0.04536712264155813,0.0002762931408771866,0.16809840500354767,27.11372423171997,0.04383819720941811,10,1.0,0.22062283754348755,0.9570822715759277,0.9570822715759277,39.865463532370185,22.467347581503976,0.9794823387108728,0.06640340885939824,25.096480874225833,15.870129876834234,0.9918693990567761,0.05060835673900423,28.723035684763715,17.58860654486347,0.9893495209887859,0.05456988979629551,31.606216612165756,18.921372241252236,0.9871038073951147,0.05760444604991937,34.21309123915373,20.17588017546143,0.9848884777367515,0.060594680788296953,36.53184830919742,21.253342147694703,0.9827705049306681,0.06286358150493923,38.70750979134144,22.303314688568577,0.9806569310956864,0.06541030874502726,40.77096681527205,23.27750667746752,0.9785394075799079,0.06796683480315126,42.80269423299886,24.234934488460095,0.9763470290140251,0.07054925808094992,44.75235608911973,25.12962135036423,0.974142809705096,0.07280309284667805,46.693026433945626,26.06856378503867,0.9718513821454934,0.07576313624006518,48.667595364919215,26.93517763563179,0.9694201462990446,0.07781891767674758,50.6774994173201,27.851048701728605,0.9668418855360505,0.0802917107225332
42,0.050780477370249065,0.04419202856682791,0.000250719309816192,0.3136616349220276,27.124112606048584,0.04383819720941811,11,1.0,0.21985244750976562,0.9572628140449524,0.9572628140449524,39.47747023916926,21.875373397704177,0.979879774244021,0.061793771830528456,24.787942599549954,15.520154632745736,0.9920680867627332,0.04697067222535997,28.446691278450547,17.19010666559786,0.9895534717175538,0.05064074198732844,31.347932357585318,18.50397718067329,0.9873137201244182,0.05356229141993349,33.957717074049015,19.722150904907455,0.9851132273678347,0.05635697471956849,36.2459712744512,20.783486640545622,0.9830391058950136,0.05890351066595848,38.42900351599314,21.82353499356597,0.9809342822026796,0.061248485429569614,40.4460798538036,22.74407377779619,0.9788800660264128,0.06358466496543903,42.37705023345361,23.587983341698386,0.9768151157489691,0.06585773543234522,44.30123630003562,24.429188387139384,0.9746614817535526,0.06787458912283466,46.19449684627868,25.257122357351882,0.9724492446942559,0.07009863403385476,48.11603913606662,26.053480537513636,0.9701093495968226,0.07210317409962916,50.08434891729326,26.890480687291753,0.9676135357804085,0.07432683791951739
43,0.05054509076403409,0.04411488306236091,0.00022599065754456597,0.18866555392742157,27.074490785598755,0.04383819720941811,12,1.0,0.221975639462471,0.9567765593528748,0.9567765593528748,39.955633653149924,22.008584881747865,0.9793894175633954,0.06234887352729,24.71800725805942,15.465247340835306,0.9921127809545897,0.04755771990045536,28.463346616508975,17.185209073560905,0.9895412353985055,0.051445899223017025,31.487621607010272,18.570063451279132,0.9872004057727398,0.05453528665190911,34.13140372180469,19.745678032891515,0.9849605524328624,0.05704400308412711,36.510837393545074,20.825026289064716,0.9827903179640598,0.05938259904406611,38.77103235333914,21.879322527198756,0.9805933915126798,0.06191890452974233,40.879975875573045,22.809586601217386,0.9784244960821478,0.06396880252469177,42.9379689734764,23.72995002152913,0.976197285840304,0.06619438227420686,44.96383943394868,24.632904041086803,0.973897848933333,0.06830510409140028,46.896842495113475,25.45680679334196,0.9716051071777739,0.07021543600947278,48.99975918009886,26.428943981854136,0.9690012974072203,0.07258327112974954,51.05857644027793,27.37559259328209,0.9663413358219483,0.0750380821262853
44,0.050420386734895586,0.04464560014016816,0.00020219085799392565,0.33285224437713623,27.041255474090576,0.04383819720941811,13,1.0,0.22300192713737488,0.9565247297286987,0.9565247297286987,39.7068026682818,22.015950745665176,0.9796453305130682,0.06272324788195056,24.93753808895882,15.664118414661113,0.9919720595152541,0.048540464327301774,28.605442553754873,17.347030608957414,0.9894365493554845,0.05228223478895295,31.481711132787506,18.5992208245456,0.9872052104907639,0.0547252615455177,34.17207700084874,19.870310125265124,0.9849246870388585,0.05779209047937876,36.4626609381014,20.915735171710363,0.9828357047332849,0.05999101055934771,38.63308345563956,21.930156745204137,0.9807312448240706,0.06225182913438325,40.6919075724608,22.862936094395504,0.9786225556295637,0.06449546763007513,42.67207085344722,23.72417647545671,0.976491174921749,0.06631258913516774,44.57768975532255,24.581925384290738,0.9743442546083275,0.06854540873083925,46.462768246656346,25.403253856445737,0.9721283172327664,0.07057474910412388,48.38632860728812,26.217699591641114,0.9697725878729259,0.07250969719411374,50.34702023937695,27.076107112839995,0.9672729382339496,0.07466106798564709
45,0.05029645379541851,0.04397705837790602,0.0001794004421523016,0.1924566775560379,27.022013664245605,0.04383819720941811,14,1.0,0.22226491570472717,0.9567214846611023,0.9567214846611023,38.75687180548597,21.665045537573157,0.9806075958904983,0.0626812827017637,24.400667937226462,15.538689192075756,0.9923139992770945,0.0487829505327801,27.999842740651637,17.158417661222813,0.9898790879796959,0.0521637868531525,30.855356516629723,18.417427543661855,0.9877092715385737,0.055044644686650164,33.416035238925645,19.574798078282946,0.9855843767130794,0.057649390990560906,35.61608373524969,20.56133944527394,0.9836234812716906,0.05962486143338879,37.70616162776223,21.54336387072021,0.9816447812828859,0.061898392674459256,39.672581867547365,22.434890440696737,0.97968014445256,0.06413388827126837,41.60681918648799,23.314915222647404,0.9776502578662485,0.0664431319389506,43.43910711461109,24.118578131729148,0.9756380918269395,0.06843859270183832,45.29190887319754,24.92978518949314,0.9735153476199441,0.07050661912723583,47.188783745820096,25.778463057990813,0.9712503081579829,0.07276974948565851,49.16178847156097,26.611101091004276,0.9687956730659827,0.07472228298541118
46,0.05017496118004002,0.04421126429597145,0.00015769652557276565,0.18427640199661255,27.09769105911255,0.04383819720941811,15,1.0,0.2228969931602478,0.9565620422363281,0.9565620422363281,39.86872096413092,21.999636586676473,0.9794789855522148,0.06274707733793548,25.578720643848534,15.85265124311457,0.9915539309212551,0.048509832317505414,29.03330299418818,17.45835518701964,0.9891181845001655,0.05211638906551458,31.826477996477983,18.693513540582806,0.9869234358559693,0.05467137313791149,34.36667398094626,19.846904925940507,0.9847525018202783,0.057311299203851876,36.60447666485773,20.865292643486033,0.9827019294904646,0.059647024050714245,38.73431351827531,21.85721565410785,0.9806301328929322,0.06214727086578346,40.74868396562929,22.737631826795873,0.978562859193327,0.06416429628129476,42.71983933836443,23.620087125591358,0.9764385123963946,0.06642139695722614,44.659766004846354,24.49359332771577,0.9742496931404674,0.06865909740662494,46.53872401464923,25.33046605982427,0.9720371153710502,0.07088360572273954,48.48855080608675,26.196195414104164,0.9696447345501017,0.07312889241570668,50.458235421495196,27.04497237512959,0.967128192182775,0.0753074446900145
